[{"key": "dashboard", "name": "Dashboard", "url": "https://github.com/j7126/OctoPrint-Dashboard"}, {"key": "simple_filament_change_buttons", "name": "Simple Filament Change Buttons", "url": "https://github.com/TheThief/Octoprint_Simple_Filament_Change_Buttons"}, {"key": "bedlevelvisualizer", "name": "Bed Visualizer", "url": "https://github.com/jneilliii/OctoPrint-BedLevelVisualizer"}, {"key": "simpleemergencystop", "name": "Simple Emergency Stop", "url": "https://github.com/Sebclem/OctoPrint-SimpleEmergencyStop"}, {"key": "excluderegion", "name": "Exclude Region", "url": "https://github.com/bradcfisher/OctoPrint-ExcludeRegionPlugin"}, {"key": "m73progress", "name": "M73 Progress Plugin", "url": "https://github.com/cesarvandevelde/OctoPrint-M73Progress"}, {"key": "marlinslider", "name": "MarlinSlider Plugin", "url": "https://github.com/CmdrCody51/OctoPrint-MarlinSlider"}, {"key": "FileDescription", "name": "FileDescription", "url": "https://github.com/larsjuhw/Octoprint-FileDescription"}]